source,headline,url,content,image
Simply Wall St.,YTL Power International Berhad Second Quarter 2024 Earnings: EPS: RM0.10 (vs RM0.025 in 2Q 2023),https://finance.yahoo.com/news/ytl-power-international-berhad-second-222623526.html,YTL Power International Berhad ( KLSE:YTLPOWR ) Second Quarter 2024 Results Key Financial Results Revenue: RM5.37b (up...,https://s.yimg.com/uu/api/res/1.2/Un23csOlY9ITCOn3v4ax1A--~B/Zmk9c3RyaW07aD0xMjM7cT04MDt3PTIyMDthcHBpZD15dGFjaHlvbg--/https://media.zenfs.com/en/simply_wall_st__316/78a8c60a6283aea0450523395306d38c.cf.jpg
Simply Wall St.,"If EPS Growth Is Important To You, YTL Power International Berhad (KLSE:YTLPOWR) Presents An Opportunity",https://finance.yahoo.com/news/eps-growth-important-ytl-power-231043491.html,"It's common for many investors, especially those who are inexperienced, to buy shares in companies with a good story...",https://s.yimg.com/uu/api/res/1.2/WXDapnUsnhxaAn2W.9uY2g--~B/Zmk9c3RyaW07aD0xMjM7cT04MDt3PTIyMDthcHBpZD15dGFjaHlvbg--/https://media.zenfs.com/en/simply_wall_st__316/e44b48510541f08ce6d7c1a7b2f6b239.cf.jpg
The Wall Street Journal,"Tech, Media & Telecom Roundup: Market Talk",https://finance.yahoo.com/m/434e3156-3caa-38e5-a221-8fb2c82924c5/tech-media-telecom.html,"Find insights on CAE, momentum for fintech, Eutelsat, and more in the latest Market Talks covering Technology, Media and Telecom.",https://s.yimg.com/uu/api/res/1.2/oeCZcEa3urOC3wUclvJJPQ--~B/Zmk9c3RyaW07aD0xMjM7cT04MDt3PTIyMDthcHBpZD15dGFjaHlvbg--/https://media.zenfs.com/en/wsj.com/7738f998cebd5a8c07a268684197ebf4.cf.jpg
The Wall Street Journal,Energy & Utilities Roundup: Market Talk,https://finance.yahoo.com/m/86db49c2-059e-3e7c-8946-f72d2d6b1053/energy-utilities-roundup-.html,"Gain insight on Canada’s Trans Mountain pipeline, Evergrande Group, Biden’s LNG pause, and more in the latest Market Talks covering Energy and Utilities.",https://s.yimg.com/uu/api/res/1.2/amxzhCGn8ZohNUzT7CEFdw--~B/Zmk9c3RyaW07aD0xMjM7cT04MDt3PTIyMDthcHBpZD15dGFjaHlvbg--/https://media.zenfs.com/en/wsj.com/e47ec5f6e5427690610a18229dca4033.cf.jpg
Simply Wall St.,Is YTL Power International Berhad's (KLSE:YTLPOWR) ROE Of 16% Impressive?,https://finance.yahoo.com/news/ytl-power-international-berhads-klse-001815930.html,"One of the best investments we can make is in our own knowledge and skill set. With that in mind, this article will...",https://s.yimg.com/uu/api/res/1.2/WXDapnUsnhxaAn2W.9uY2g--~B/Zmk9c3RyaW07aD0xMjM7cT04MDt3PTIyMDthcHBpZD15dGFjaHlvbg--/https://media.zenfs.com/en/simply_wall_st__316/e44b48510541f08ce6d7c1a7b2f6b239.cf.jpg
Simply Wall St.,Investors in YTL Power International Berhad (KLSE:YTLPOWR) have seen splendid returns of 265% over the past year,https://finance.yahoo.com/news/investors-ytl-power-international-berhad-070707321.html,"When you buy shares in a company, there is always a risk that the price drops to zero. But if you pick the right stock...",https://s.yimg.com/uu/api/res/1.2/WXDapnUsnhxaAn2W.9uY2g--~B/Zmk9c3RyaW07aD0xMjM7cT04MDt3PTIyMDthcHBpZD15dGFjaHlvbg--/https://media.zenfs.com/en/simply_wall_st__316/e44b48510541f08ce6d7c1a7b2f6b239.cf.jpg
Simply Wall St.,There's Been No Shortage Of Growth Recently For YTL Power International Berhad's (KLSE:YTLPOWR) Returns On Capital,https://finance.yahoo.com/news/theres-no-shortage-growth-recently-231612356.html,"If we want to find a stock that could multiply over the long term, what are the underlying trends we should look for...",https://s.yimg.com/uu/api/res/1.2/WXDapnUsnhxaAn2W.9uY2g--~B/Zmk9c3RyaW07aD0xMjM7cT04MDt3PTIyMDthcHBpZD15dGFjaHlvbg--/https://media.zenfs.com/en/simply_wall_st__316/e44b48510541f08ce6d7c1a7b2f6b239.cf.jpg
Simply Wall St.,We Take A Look At Why YTL Power International Berhad's (KLSE:YTLPOWR) CEO Compensation Is Well Earned,https://finance.yahoo.com/news/look-why-ytl-power-international-221007682.html,Key Insights YTL Power International Berhad's Annual General Meeting to take place on 5th of December Total pay for CEO...,https://s.yimg.com/uu/api/res/1.2/WXDapnUsnhxaAn2W.9uY2g--~B/Zmk9c3RyaW07aD0xMjM7cT04MDt3PTIyMDthcHBpZD15dGFjaHlvbg--/https://media.zenfs.com/en/simply_wall_st__316/e44b48510541f08ce6d7c1a7b2f6b239.cf.jpg
Simply Wall St.,Is There An Opportunity With YTL Power International Berhad's (KLSE:YTLPOWR) 49% Undervaluation?,https://finance.yahoo.com/news/opportunity-ytl-power-international-berhads-022543455.html,Key Insights YTL Power International Berhad's estimated fair value is RM4.69 based on 2 Stage Free Cash Flow to Equity...,https://s.yimg.com/uu/api/res/1.2/WXDapnUsnhxaAn2W.9uY2g--~B/Zmk9c3RyaW07aD0xMjM7cT04MDt3PTIyMDthcHBpZD15dGFjaHlvbg--/https://media.zenfs.com/en/simply_wall_st__316/e44b48510541f08ce6d7c1a7b2f6b239.cf.jpg
Simply Wall St.,Be Sure To Check Out YTL Power International Berhad (KLSE:YTLPOWR) Before It Goes Ex-Dividend,https://finance.yahoo.com/news/sure-check-ytl-power-international-001754747.html,"Regular readers will know that we love our dividends at Simply Wall St, which is why it's exciting to see YTL Power...",https://s.yimg.com/uu/api/res/1.2/WXDapnUsnhxaAn2W.9uY2g--~B/Zmk9c3RyaW07aD0xMjM7cT04MDt3PTIyMDthcHBpZD15dGFjaHlvbg--/https://media.zenfs.com/en/simply_wall_st__316/e44b48510541f08ce6d7c1a7b2f6b239.cf.jpg
Yahoo Finance Video,Micron stock jumps on chip production for Nvidia GPUs,https://finance.yahoo.com/video/micron-stock-jumps-chip-production-222754361.html,"Shares of Micron Technology (MU) rose Monday afternoon following the company's announcement that it will increase production of its HBM3E (High Bandwidth Memory 3E) chips. These chips will be used in Nvidia's (NVDA) semiconductors designed for artificial intelligence capabilities. Micron expects to begin shipments of these high-performance memory chips in the second quarter of 2024. Yahoo Finance's Julie Hyman and Josh Lipton break down the details of this trending ticker. For more expert insight and the latest market action, click here to watch this full episode of Yahoo Finance Live. Editor's note: This article was written by Angel Smith",https://s.yimg.com/uu/api/res/1.2/WXgg8nXiHex9rMtzm2abkQ--~B/Zmk9c3RyaW07aD0xOTM7cT04MDt3PTIyMDthcHBpZD15dGFjaHlvbg--/https://s.yimg.com/os/creatr-uploaded-images/2024-02/eec69340-d4e3-11ee-bddf-8e79cf27b674.cf.jpg
Yahoo Finance Video,What to know about the Nvidia-led tech bubble,https://finance.yahoo.com/video/know-nvidia-led-tech-bubble-143940837.html,"Investor sentiment is skyrocketing under Nvidia's (NVDA) dominance over the tech sector as the company continues to outperform most expectations on Wall Street. However, experts are issuing words of caution over the optimism contributing to a tech bubble forming that could very well pop. Yahoo Finance Executive Editor Brian Sozzi joins the Live show to give his thoughts on what investors need to know about the latest bullish calls on Nvidia, the overall tech sector, and how investors should reassess their portfolios during all this hype. For more expert insight and the latest market action, click here to watch this full episode of Yahoo Finance Live. Editor's note: This article was written by Nicholas Jacobino",https://s.yimg.com/uu/api/res/1.2/6rshTBf8S35IJ1xAYLSIEA--~B/Zmk9c3RyaW07aD0xMjM7cT04MDt3PTIyMDthcHBpZD15dGFjaHlvbg--/https://s.yimg.com/os/creatr-uploaded-images/2024-02/b7b9d320-d4b2-11ee-bf78-ae5453aa39ac.cf.jpg
Motley Fool,"Forget Nvidia: These 3 Artificial Intelligence (AI) Stocks Have Up to 203% Upside, According to Select Wall Street Analysts",https://finance.yahoo.com/news/forget-nvidia-3-artificial-intelligence-102100196.html,"Based on the prognostications of select analysts, three high-powered artificial intelligence (AI) stocks could leave Nvidia in the dust.",https://s.yimg.com/uu/api/res/1.2/egLPeT25rRmovnEdm7t4VA--~B/Zmk9c3RyaW07aD0xMjM7cT04MDt3PTIyMDthcHBpZD15dGFjaHlvbg--/https://media.zenfs.com/en/motleyfool.com/3d377136d163c5986240c094c3c9258a.cf.jpg
Barrons.com,Nvidia Stock Gains. Its AI Success Is Sparking a Chips War Among Suppliers.,https://finance.yahoo.com/m/8831d78c-6184-30e6-8e2f-5cb825a7fd0a/nvidia-stock-gains-its-ai.html,"Nvidia's success is leading to fierce competition to supply it with advanced memory chips between Micron, SK Hynix and Samsung.",https://s.yimg.com/uu/api/res/1.2/sFaGTotCDkp2kb9kJLMsVQ--~B/Zmk9c3RyaW07aD0xMjM7cT04MDt3PTIyMDthcHBpZD15dGFjaHlvbg--/https://media.zenfs.com/en/Barrons.com/e921d5bbcee570a4e5bcf4b5d6c0b21c.cf.jpg
Motley Fool,Should You Buy SoundHound AI Stock Before Thursday's Big Announcement? Nvidia Has.,https://finance.yahoo.com/news/buy-soundhound-ai-stock-thursdays-092000503.html,Nvidia has several good reasons to like this up-and-coming AI company.,https://s.yimg.com/uu/api/res/1.2/Ci8KrcDUJnl78aK2CuL6Uw--~B/Zmk9c3RyaW07aD0xOTM7cT04MDt3PTIyMDthcHBpZD15dGFjaHlvbg--/https://media.zenfs.com/en/motleyfool.com/ab8ff33692c6afa6deaab394d3362983.cf.jpg
TipRanks,"3 ETFs with Big Nvidia Positions: SMH, IYW, SPMO",https://finance.yahoo.com/news/3-etfs-big-nvidia-positions-061149600.html,"Nvidia (NASDAQ:NVDA) is taking the market by storm, and it’s not just the stock that is benefiting. Three ETFs with big positions in Nvidia, the VanEck Semiconductor ETF (NASDAQ:SMH), the iShares U.S. Technology ETF (NYSEARCA:IYW), and the Invesco S&P Momentum ETF (NYSEARCA:SPMO) are reaping the rewards of Nvidia’s historic run and look poised to capture more upside if shares continues to rise. To find these ETFs featuring significant Nvidia exposure, I went to Nvidia’s page on TipRanks and used",https://s.yimg.com/uu/api/res/1.2/73NS7QzlySUAcUH7AO9HrQ--~B/Zmk9c3RyaW07aD0xMjM7cT04MDt3PTIyMDthcHBpZD15dGFjaHlvbg--/https://media.zenfs.com/en/tipranks_452/1cd857c61659cab855212bacd82dd0ee.cf.jpg
TheStreet,Analyst who forecast Nvidia stock could exceed $750 revamps target,https://finance.yahoo.com/news/analyst-forecast-nvidia-stock-could-010300963.html,Here's what could happen next to Nvidia's share price.,https://s.yimg.com/uu/api/res/1.2/LvTv4DvdvtnZmWAlU7jB7g--~B/Zmk9c3RyaW07aD0xMjM7cT04MDt3PTIyMDthcHBpZD15dGFjaHlvbg--/https://media.zenfs.com/en/thestreet_881/1d440ae51f198bc07dc0bdb68057dc40.cf.jpg
Investor's Business Daily,Dow Jones Futures: Coinbase Rockets To New High; Unity Stock Plunges 19% On Earnings,https://finance.yahoo.com/m/0048296b-4e30-33a4-b97c-23d370f2e3b4/dow-jones-futures-coinbase.html,"Dow Jones futures: Bitcoin stock Coinbase soared to new highs Monday, while Unity stock plunged more than 19% on earnings.",https://s.yimg.com/uu/api/res/1.2/macldeg8TcsNklHMklK8IQ--~B/Zmk9c3RyaW07aD0xMjM7cT04MDt3PTIyMDthcHBpZD15dGFjaHlvbg--/https://media.zenfs.com/en/ibd.com/c17b5b65818a93054b26ab66c9c27269.cf.jpg
The Wall Street Journal,Nvidia’s Stunning Ascent Has Also Made It a Giant Target,https://finance.yahoo.com/m/afbfd824-c1fa-33ab-a474-367a694858fa/nvidia%E2%80%99s-stunning-ascent-has.html,"In the AI-driven bonanza, even the chip maker’s own customers are looking to move in on its business.",https://s.yimg.com/uu/api/res/1.2/599AKTrZxMlzvrq0.abyLw--~B/Zmk9c3RyaW07aD0xMjM7cT04MDt3PTIyMDthcHBpZD15dGFjaHlvbg--/https://media.zenfs.com/en/wsj.com/e4747c25e7e926cbe19cccc76c12f6d1.cf.jpg
